star,name,ra,dec,culture,total_culture_names
11767,Guide Star,2.52975,89.26410899999998,norse,3
69673,Day Star,14.261029999999998,19.18241,norse,3
91262,South Star,18.61564,38.783692,norse,3
